Time,Ampl
995215,2.72067
995216,3.79552
995217,3.34093
995218,3.32236
995219,3.32204
995220,3.32178
995221,3.32146
995222,3.32155
995223,3.32131
995224,3.32051
995225,3.32061
995226,3.36768
995227,3.3671
995228,3.3671
995229,3.36704
995230,3.36626
995231,3.36646
995232,3.36647
995233,3.36625
995234,3.36924
995235,3.41249
995236,3.41211
995237,3.4121
995238,3.41135
995239,3.41109
995240,3.41049
995241,3.41135
995242,3.41082
995243,3.42754
995244,3.45707
995245,3.45719
995246,3.45738
995247,3.45675
995248,3.45638
995249,3.45618
995250,3.4553
995251,3.45515
995252,3.49599
995253,3.50287
995254,3.502
995255,3.50205
995256,3.50186
995257,3.5012
995258,3.50086
995259,3.5007
995260,3.50713
995261,3.54706
995262,3.54679
995263,3.54643
995264,3.54699
995265,3.54641
995266,3.54585
995267,3.54548
995268,3.54563
995269,3.59221
995270,3.59169
995271,3.5916
995272,3.59114
995273,3.59159
995274,3.59101
995275,3.59102
995276,3.59071
995277,3.61129
995278,3.63765
995279,3.63731
995280,3.63639
995281,3.63667
995282,3.63636
995283,3.63605
995284,3.63539
995285,3.68119
995286,3.68089
995287,3.68047
995288,3.68032
995289,3.68002
995290,3.67962
995291,3.68027
995292,3.69115
995293,3.72573
995294,3.72532
995295,3.72567
995296,3.72533
995297,3.72486
995298,3.72392
995299,3.72376
995300,3.72379
995301,3.73212
995302,3.77037
995303,3.77047
995304,3.7696
995305,3.77001
995306,3.76975
995307,3.76957
995308,3.76916
995309,3.76867
995310,3.81514
995311,3.81445
995312,3.8138
995313,3.81372
995314,3.81322
995315,3.8126
995316,3.8127
995317,3.81236
995318,3.83541
995319,3.859
995320,3.85897
995321,3.85829
995322,3.85759
995323,3.85696
995324,3.85718
995325,3.85644
995326,3.86966
995327,3.90223
995328,3.90229
995329,3.90193
995330,3.90244
995331,3.90113
995332,3.90092
995333,3.89993
995334,3.89989
995335,3.93102
995336,3.94584
995337,3.94535
995338,3.94605
995339,3.94558
995340,3.94487
995341,3.94462
995342,3.94421
995343,3.94447
995344,3.98636
995345,3.99061
995346,3.99019
995347,3.98954
995348,3.98869
995349,3.98864
995350,3.98845
995351,3.98829
995352,3.98785
995353,2.40944
995354,3.28689
995355,3.2859
995356,3.28569
995357,3.28572
995358,3.28543
995359,3.28532
995360,3.28498
995361,3.28944
995362,3.3306
995363,3.33083
995364,3.33012
995365,3.33028
995366,3.33017
995367,3.33003
995368,3.32931
995369,3.32894
995370,3.37267
995371,3.3753
995372,3.37535
995373,3.37509
995374,3.37481
995375,3.37419
995376,3.37468
995377,3.37457
995378,3.40111
995379,3.42012
995380,3.42061
995381,3.42003
995382,3.41974
995383,3.42013
995384,3.41955
995385,3.41931
995386,3.42724
995387,3.46514
995388,3.46456
995389,3.46473
995390,3.46377
995391,3.46355
995392,3.46347
995393,3.46369
995394,3.46314
995395,3.4807
995396,3.50999
995397,3.50911
995398,3.50896
995399,3.50864
995400,3.50874
995401,3.50858
995402,3.50848
995403,3.50812
995404,3.53881
995405,3.55433
995406,3.55379
995407,3.55321
995408,3.55287
995409,3.55335
995410,3.55249
995411,3.55207
995412,3.55261
995413,3.58715
995414,3.59825
995415,3.59846
995416,3.59813
995417,3.59715
995418,3.59802
995419,3.59764
995420,3.59711
995421,3.636
995422,3.64285
995423,3.64236
995424,3.64218
995425,3.6412
995426,3.64104
995427,3.6413
995428,3.64113
995429,3.64075
995430,3.68709
995431,3.68639
995432,3.68668
995433,3.68695
995434,3.68603
995435,3.6863
995436,3.68605
995437,3.68602
995438,3.68601
995439,3.73158
995440,3.73097
995441,3.73035
995442,3.73029
995443,3.73068
995444,3.73044
995445,3.72961
995446,3.72906
995447,3.73342
995448,3.77494
995449,3.77485
995450,3.77366
995451,3.77337
995452,3.7728
995453,3.77289
995454,3.77267
995455,3.7725
995456,3.78313
995457,3.81755
995458,3.81696
995459,3.81727
995460,3.81703
995461,3.81667
995462,3.81635
995463,3.81588
995464,3.81616
995465,3.84696
995466,3.8613
995467,3.86128
995468,3.86121
995469,3.86083
995470,3.86067
995471,3.8604
995472,3.86029
995473,3.85961
995474,3.89729
995475,3.90522
995476,3.90499
995477,3.90447
995478,3.90421
995479,3.90393
995480,3.90353
995481,3.90291
995482,3.90258
995483,3.94675
995484,3.94815
995485,3.9474
995486,3.94798
995487,3.94685
995488,3.94664
995489,3.9462
995490,3.94578
995491,3.94567
995492,2.31561
995493,3.25299
995494,3.25247
995495,3.25192
995496,3.25119
995497,3.25172
995498,3.25115
995499,3.25119
995500,3.25099
995501,3.29618
995502,3.29643
995503,3.29582
995504,3.29568
995505,3.29586
995506,3.29567
995507,3.29508
995508,3.29527
995509,3.30358
995510,3.34073
995511,3.34069
995512,3.34055
995513,3.34081
995514,3.34019
995515,3.34027
995516,3.33988
995517,3.34003
995518,3.36433
995519,3.38501
995520,3.38537
995521,3.38508
995522,3.38494
995523,3.38494
995524,3.38471
995525,3.38412
995526,3.38388
995527,3.42955
995528,3.42921
995529,3.42913
995530,3.42959
995531,3.42916
995532,3.42928
995533,3.42884
995534,3.42882
995535,3.43404
995536,3.4741
995537,3.47358
995538,3.4734
995539,3.47398
995540,3.47381
995541,3.473
995542,3.47246
995543,3.47334
995544,3.49482
995545,3.51848
995546,3.51859
995547,3.51775
995548,3.51742
995549,3.51734
995550,3.51704
995551,3.51701
995552,3.5166
995553,3.54958
995554,3.56219
995555,3.5625
995556,3.56216
995557,3.56156
995558,3.56113
995559,3.5608
995560,3.56094
995561,3.5611
995562,3.60613
995563,3.60551
995564,3.60617
995565,3.60551
995566,3.60565
995567,3.60586
995568,3.60507
995569,3.60515
995570,3.61714
995571,3.65058
995572,3.65002
995573,3.6493
995574,3.64878
995575,3.64937
995576,3.64885
995577,3.64886
995578,3.64816
995579,3.67581
995580,3.69433
995581,3.69403
995582,3.69341
995583,3.69256
995584,3.69323
995585,3.69336
995586,3.69318
995587,3.69232
995588,3.73723
995589,3.73752
995590,3.7375
995591,3.73704
995592,3.73738
995593,3.7366
995594,3.73632
995595,3.73617
995596,3.74626
995597,3.78165
995598,3.78108
995599,3.78087
995600,3.78017
995601,3.78053
995602,3.77997
995603,3.78031
995604,3.77966
995605,3.8217
995606,3.82553
995607,3.82503
995608,3.8244
995609,3.82405
995610,3.8237
995611,3.82378
995612,3.82353
995613,3.82403
995614,3.86909
995615,3.86865
995616,3.86824
995617,3.86902
995618,3.86875
995619,3.86849
995620,3.86738
995621,3.86693
995622,3.88641
995623,3.91234
995624,3.91193
995625,3.91169
995626,3.91169
995627,3.91164
995628,3.91075
995629,3.91102
995630,3.91067
995631,2.36209
995632,3.22563
995633,3.2246
995634,3.22444
995635,3.22454
995636,3.22389
995637,3.22411
995638,3.22431
995639,3.22367
995640,3.26447
995641,3.26861
995642,3.26833
995643,3.26867
995644,3.26867
995645,3.26825
995646,3.26798
995647,3.26872
995648,3.2677
995649,3.31278
995650,3.31338
995651,3.31272
995652,3.31265
995653,3.31288
995654,3.31311
995655,3.31267
995656,3.31255
995657,3.32874
995658,3.35763
995659,3.3579
995660,3.35755
995661,3.35763
995662,3.35776
995663,3.35783
995664,3.35754
995665,3.35718
995666,3.38623
995667,3.40214
995668,3.40221
995669,3.402
995670,3.40161
995671,3.40189
995672,3.40193
995673,3.40199
995674,3.40143
995675,3.44149
995676,3.44688
995677,3.44651
995678,3.4461
995679,3.44652
995680,3.44562
995681,3.44569
995682,3.44521
995683,3.44547
995684,3.4901
995685,3.48996
995686,3.49027
995687,3.49031
995688,3.49012
995689,3.49016
995690,3.48966
995691,3.49005
995692,3.50036
995693,3.53515
995694,3.5348
995695,3.5352
995696,3.53494
995697,3.53421
995698,3.53455
995699,3.53426
995700,3.53386
995701,3.5718
995702,3.57912
995703,3.57865
995704,3.57859
995705,3.57782
995706,3.57846
995707,3.57806
995708,3.57714
995709,3.58525
995710,3.62276
995711,3.62299
995712,3.62196
995713,3.62218
995714,3.62185
995715,3.62203
995716,3.62141
995717,3.62131
995718,3.6474
995719,3.66659
995720,3.66598
995721,3.66589
995722,3.66577
995723,3.66544
995724,3.66575
995725,3.66557
995726,3.66482
995727,3.70578
995728,3.71023
995729,3.70994
995730,3.70979
995731,3.70959
995732,3.70959
995733,3.70945
995734,3.70937
995735,3.75451
995736,3.75389
995737,3.7535
995738,3.75315
995739,3.75382
995740,3.7534
995741,3.75312
995742,3.78167
995743,3.79785
995744,3.7984
995745,3.79788
995746,3.79787
995747,3.79686
995748,3.79736
995749,3.79691
995750,3.79722
995751,3.84237
995752,3.84183
995753,3.84212
995754,3.84182
995755,3.84205
995756,3.84205
995757,3.84166
995758,3.84039
995759,3.86152
995760,3.88579
995761,3.88584
995762,3.88557
995763,3.88571
995764,3.88522
995765,3.88507
995766,3.88474
995767,3.88441
995768,3.05048
995769,2.28771
995770,3.20321
995771,3.2027
995772,3.20227
995773,3.2024
995774,3.20233
995775,3.20213
995776,3.2023
995777,3.2015
995778,3.24704
995779,3.24644
995780,3.24644
995781,3.24638
995782,3.24597
995783,3.24613
995784,3.24566
995785,3.24568
995786,3.25527
995787,3.29008
995788,3.29038
995789,3.29032
995790,3.29036
995791,3.28999
995792,3.2903
995793,3.29021
995794,3.28942
995795,3.31965
995796,3.33441
995797,3.33445
995798,3.33459
995799,3.33458
995800,3.33476
995801,3.33451
995802,3.33436
995803,3.33423
995804,3.37973
995805,3.37972
995806,3.37944
995807,3.3799
995808,3.37924
995809,3.37858
995810,3.37903
995811,3.37873
995812,3.39204
995813,3.42405
995814,3.4243
995815,3.42416
995816,3.42337
995817,3.42315
995818,3.42389
995819,3.42361
995820,3.42362
995821,3.4573
995822,3.46879
995823,3.46826
995824,3.46797
995825,3.46813
995826,3.46783
995827,3.46776
995828,3.4675
995829,3.46751
995830,3.51316
995831,3.51259
995832,3.51236
995833,3.51212
995834,3.51233
995835,3.51264
995836,3.51171
995837,3.51152
995838,3.53232
995839,3.55676
995840,3.55645
995841,3.55625
995842,3.55654
995843,3.55621
995844,3.55672
995845,3.55652
995846,3.55681
995847,3.59598
995848,3.60084
995849,3.60033
995850,3.60069
995851,3.60081
995852,3.60087
995853,3.60007
995854,3.60075
995855,3.60053
995856,3.64546
995857,3.64467
995858,3.6445
995859,3.64444
995860,3.6439
995861,3.64411
995862,3.64397
995863,3.64343
995864,3.65247
995865,3.68802
995866,3.68801
995867,3.68785
995868,3.68749
995869,3.68766
995870,3.68753
995871,3.68677
995872,3.68674
995873,3.71488
995874,3.73198
995875,3.73163
995876,3.73162
995877,3.73125
995878,3.73099
995879,3.73123
995880,3.73122
995881,3.73076
995882,3.76666
995883,3.77562
995884,3.77641
995885,3.77553
995886,3.77521
995887,3.77516
995888,3.77558
995889,3.77503
995890,3.77461
995891,3.81684
995892,3.81982
995893,3.8197
995894,3.8194
995895,3.81904
995896,3.81881
995897,3.81858
995898,3.81829
995899,3.81872
995900,3.86372
995901,3.86296
995902,3.86232
995903,3.86268
995904,3.86293
995905,3.86245
995906,3.86229
995907,3.86183
995908,3.8618
995909,2.62917
995910,3.63525
995911,3.63491
995912,3.63457
995913,3.63463
995914,3.63462
995915,3.63439
995916,3.63378
995917,3.63328
995918,3.6633
995919,3.67823
995920,3.67798
995921,3.67786
995922,3.67755
995923,3.67728
995924,3.67684
995925,3.6769
995926,3.6771
995927,3.71487
995928,3.72233
995929,3.72195
995930,3.72103
995931,3.72112
995932,3.72107
995933,3.72065
995934,3.7201
995935,3.71989
995936,3.76564
995937,3.76529
995938,3.76538
995939,3.76563
995940,3.7653
995941,3.76528
995942,3.76466
995943,3.76485
995944,3.7646
995945,3.80948
995946,3.80893
995947,3.80863
995948,3.80782
995949,3.80784
995950,3.80789
995951,3.8079
995952,3.80691
995953,3.82825
995954,3.85181
995955,3.85204
995956,3.85146
995957,3.85168
995958,3.85062
995959,3.85055
995960,3.85109
995961,3.85061
995962,3.89136
995963,3.89567
995964,3.89553
995965,3.89468
995966,3.89465
995967,3.89513
995968,3.89463
995969,3.89415
995970,3.89404
995971,3.93905
995972,3.93864
995973,3.93845
995974,3.93848
995975,3.93826
995976,3.93802
995977,3.93793
995978,3.93725
995979,3.96398
995980,3.98309
995981,3.98202
995982,3.98183
995983,3.98112
995984,3.98132
995985,3.9813
995986,3.98034
995987,3.98074
995988,4.0079
995989,4.02463
995990,4.02483
995991,4.02432
995992,4.02387
995993,4.02353
995994,4.02361
995995,4.02343
995996,4.02327
995997,4.05328
995998,4.06852
995999,4.06799
996000,4.06786
996001,4.06775
996002,4.0674
996003,4.06678
996004,4.06723
996005,4.0663
996006,4.08828
996007,4.1109
996008,4.11022
996009,4.1089
996010,4.10898
996011,4.10908
996012,4.10946
996013,4.10904
996014,4.10883
996015,4.15137
996016,4.15326
996017,4.15285
996018,4.15212
996019,4.15225
996020,4.15189
996021,4.15105
996022,4.14983
996023,4.14933
996024,4.17509
996025,4.19415
996026,4.19384
996027,4.19354
996028,4.19355
996029,4.19426
996030,4.19322
996031,4.1933
996032,4.19333
996033,4.22851
996034,4.2368
996035,4.23725
996036,4.23658
996037,4.23614
996038,4.23553
996039,4.23528
996040,4.23566
996041,4.23499
996042,4.27937
996043,4.27943
996044,4.27891
996045,4.27872
996046,4.27786
996047,4.27758
996048,4.27767
996049,4.27697
996050,4.24832
996051,2.56814
996052,3.60543
996053,3.60454
996054,3.60482
996055,3.60408
996056,3.60407
996057,3.60387
996058,3.60374
996059,3.60388
996060,3.64556
996061,3.64764
996062,3.6476
996063,3.6479
996064,3.64773
996065,3.64733
996066,3.64758
996067,3.6467
996068,3.64654
996069,3.69147
996070,3.69089
996071,3.69144
996072,3.6913
996073,3.69103
996074,3.69072
996075,3.69033
996076,3.69069
996077,3.71628
996078,3.73508
996079,3.73486
996080,3.73516
996081,3.73494
996082,3.73474
996083,3.73488
996084,3.73456
996085,3.73423
996086,3.77901
996087,3.77898
996088,3.7783
996089,3.77821
996090,3.77774
996091,3.77774
996092,3.77785
996093,3.77757
996094,3.77881
996095,3.8223
996096,3.8223
996097,3.82208
996098,3.8226
996099,3.82175
996100,3.82141
996101,3.82171
996102,3.82162
996103,3.83386
996104,3.86564
996105,3.86526
996106,3.86526
996107,3.86435
996108,3.86439
996109,3.86391
996110,3.86427
996111,3.86413
996112,3.90348
996113,3.90873
996114,3.90769
996115,3.9076
996116,3.9076
996117,3.90711
996118,3.90718
996119,3.90712
996120,3.90696
996121,3.95099
996122,3.95089
996123,3.95067
996124,3.95075
996125,3.94997
996126,3.94996
996127,3.94958
996128,3.94976
996129,3.9578
996130,3.9939
996131,3.99399
996132,3.99384
996133,3.99359
996134,3.99396
996135,3.99381
996136,3.99376
996137,3.99307
996138,4.00591
996139,4.03789
996140,4.03768
996141,4.03679
996142,4.03647
996143,4.03611
996144,4.03613
996145,4.0361
996146,4.03526
996147,4.04657
996148,4.07975
996149,4.07958
996150,4.07944
996151,4.07885
996152,4.0784
996153,4.07795
996154,4.0778
996155,4.08717
996156,4.12248
996157,4.12189
996158,4.12138
996159,4.12161
996160,4.12113
996161,4.12048
996162,4.1205
996163,4.12024
996164,4.14512
996165,4.16468
996166,4.16382
996167,4.16325
996168,4.16378
996169,4.16311
996170,4.16292
996171,4.16285
996172,4.16298
996173,4.20271
996174,4.20611
996175,4.20599
996176,4.20562
996177,4.20456
996178,4.20471
996179,4.2044
996180,4.20414
996181,4.20425
996182,4.2479
996183,4.24756
996184,4.24715
996185,4.24704
996186,4.24676
996187,4.24669
996188,4.24609
996189,2.59
996190,3.58234
996191,3.58213
996192,3.58162
996193,3.58138
996194,3.58133
996195,3.58075
996196,3.58072
996197,3.5807
996198,3.62456
996199,3.62422
996200,3.62414
996201,3.62416
996202,3.62407
996203,3.62373
996204,3.6236
996205,3.6234
996206,3.62366
996207,3.66769
996208,3.66757
996209,3.66722
996210,3.66683
996211,3.66658
996212,3.6671
996213,3.66682
996214,3.6667
996215,3.68672
996216,3.71067
996217,3.71063
996218,3.71044
996219,3.70989
996220,3.70974
996221,3.70974
996222,3.70996
996223,3.70951
996224,3.742
996225,3.75362
996226,3.75395
996227,3.75344
996228,3.75313
996229,3.75253
996230,3.75308
996231,3.75249
996232,3.75252
996233,3.79631
996234,3.79707
996235,3.79672
996236,3.79604
996237,3.79585
996238,3.79597
996239,3.79622
996240,3.79596
996241,3.79562
996242,3.83984
996243,3.8399
996244,3.83902
996245,3.8394
996246,3.83902
996247,3.83853
996248,3.83817
996249,3.8377
996250,3.85435
996251,3.88202
996252,3.88139
996253,3.88154
996254,3.88133
996255,3.88161
996256,3.88127
996257,3.88054
996258,3.88027
996259,3.90381
996260,3.92469
996261,3.92445
996262,3.92434
996263,3.92369
996264,3.92313
996265,3.92341
996266,3.92311
996267,3.92347
996268,3.95491
996269,3.96638
996270,3.96572
996271,3.96599
996272,3.96545
996273,3.96607
996274,3.96622
996275,3.96613
996276,3.96513
996277,4.00897
996278,4.00979
996279,4.00982
996280,4.00959
996281,4.00896
996282,4.00903
996283,4.00887
996284,4.00867
996285,4.0086
996286,4.0517
996287,4.0518
996288,4.05142
996289,4.05199
996290,4.05101
996291,4.05109
996292,4.05119
996293,4.05117
996294,4.09476
996295,4.09483
996296,4.09461
996297,4.09426
996298,4.0938
996299,4.09353
996300,4.09333
996301,4.09282
996302,4.1048
996303,4.13601
996304,4.13544
996305,4.13533
996306,4.13547
996307,4.135
996308,4.13504
996309,4.13508
996310,4.1342
996311,4.15741
996312,4.17762
996313,4.17759
996314,4.17745
996315,4.17665
996316,4.1767
996317,4.17645
996318,4.17671
996319,4.17623
996320,4.2081
996321,4.2194
996322,4.21936
996323,4.21965
996324,4.21926
996325,4.21828
996326,4.21779
996327,4.21853
996328,4.21818
996329,2.53999
996330,3.56085
996331,3.55967
996332,3.55886
996333,3.55877
996334,3.55872
996335,3.55853
996336,3.55754
996337,3.55822
996338,3.5854
996339,3.60081
996340,3.60112
996341,3.60071
996342,3.60066
996343,3.60106
996344,3.60023
996345,3.60057
996346,3.60092
996347,3.64442
996348,3.64425
996349,3.64387
996350,3.64416
996351,3.64409
996352,3.64383
996353,3.64368
996354,3.64372
996355,3.65197
996356,3.6872
996357,3.68717
996358,3.68725
996359,3.68687
996360,3.6875
996361,3.68716
996362,3.6877
996363,3.68692
996364,3.70651
996365,3.73055
996366,3.73025
996367,3.73028
996368,3.73056
996369,3.73023
996370,3.73019
996371,3.73078
996372,3.73017
996373,3.76699
996374,3.77358
996375,3.77374
996376,3.77369
996377,3.77386
996378,3.77375
996379,3.77353
996380,3.77321
996381,3.77272
996382,3.81658
996383,3.81614
996384,3.81569
996385,3.81546
996386,3.8148
996387,3.81487
996388,3.81497
996389,3.81523
996390,3.84303
996391,3.85914
996392,3.8588
996393,3.85847
996394,3.85839
996395,3.85804
996396,3.85849
996397,3.85805
996398,3.8582
996399,3.90145
996400,3.90096
996401,3.9009
996402,3.90074
996403,3.90039
996404,3.89977
996405,3.90017
996406,3.90031
996407,3.89997
996408,3.92304
996409,3.94306
996410,3.94363
996411,3.9429
996412,3.94302
996413,3.94212
996414,3.94228
996415,3.94229
996416,3.94147
996417,3.97243
996418,3.98628
996419,3.98584
996420,3.98574
996421,3.98528
996422,3.98536
996423,3.98506
996424,3.98536
996425,3.98527
996426,4.02872
996427,4.02844
996428,4.02761
996429,4.02833
996430,4.02818
996431,4.02837
996432,4.02736
996433,4.02756
996434,4.02864
996435,4.07086
996436,4.07074
996437,4.07049
996438,4.06963
996439,4.06956
996440,4.06933
996441,4.06888
996442,4.06918
996443,4.07948
996444,4.11273
996445,4.1126
996446,4.11223
996447,4.11261
996448,4.11257
996449,4.11183
996450,4.11127
996451,4.11184
996452,4.12788
996453,4.15425
996454,4.15507
996455,4.15426
996456,4.15477
996457,4.15468
996458,4.15446
996459,4.15337
996460,4.15331
996461,4.17339
996462,4.19608
996463,4.19638
996464,4.19565
996465,4.19566
996466,4.19487
996467,4.19459
996468,4.19489
996469,4.19459
996470,2.5844
996471,3.54374
996472,3.54274
996473,3.5425
996474,3.54227
996475,3.542
996476,3.54162
996477,3.54206
996478,3.54105
996479,3.58434
996480,3.58511
996481,3.5843
996482,3.58453
996483,3.58434
996484,3.58477
996485,3.58424
996486,3.58386
996487,3.61362
996488,3.62737
996489,3.62727
996490,3.62708
996491,3.62725
996492,3.62721
996493,3.62681
996494,3.62694
996495,3.62663
996496,3.67048
996497,3.67001
996498,3.67013
996499,3.66965
996500,3.67005
996501,3.6699
996502,3.66961
996503,3.66885
996504,3.67234
996505,3.71342
996506,3.71339
996507,3.71327
996508,3.71378
996509,3.71334
996510,3.71328
996511,3.71293
996512,3.71343
996513,3.72885
996514,3.75695
996515,3.75692
996516,3.75671
996517,3.75588
996518,3.75536
996519,3.75584
996520,3.75625
996521,3.75573
996522,3.78179
996523,3.79975
996524,3.79886
996525,3.79906
996526,3.79908
996527,3.7991
996528,3.79964
996529,3.79937
996530,3.79891
996531,3.82803
996532,3.84228
996533,3.84217
996534,3.84237
996535,3.84221
996536,3.84147
996537,3.8415
996538,3.84161
996539,3.84153
996540,3.87834
996541,3.88428
996542,3.88436
996543,3.88422
996544,3.88391
996545,3.88384
996546,3.88373
996547,3.88415
996548,3.88378
996549,3.92528
996550,3.92717
996551,3.92711
996552,3.92664
996553,3.92661
996554,3.92664
996555,3.92566
996556,3.92594
996557,3.92602
996558,3.9698
996559,3.97
996560,3.96955
996561,3.97014
996562,3.96943
996563,3.96907
996564,3.96879
996565,3.96851
996566,3.97709
996567,4.01181
996568,4.01171
996569,4.01189
996570,4.01163
996571,4.01135
996572,4.01144
996573,4.01156
996574,4.01108
996575,4.02671
996576,4.05469
996577,4.05467
996578,4.05416
996579,4.05393
996580,4.05407
996581,4.05415
996582,4.05372
996583,4.05389
996584,4.07854
996585,4.09677
996586,4.09688
996587,4.09649
996588,4.09678
996589,4.09626
996590,4.09586
996591,4.0961
996592,4.09571
996593,4.12674
996594,4.13915
996595,4.13877
996596,4.13826
996597,4.13788
996598,4.13842
996599,4.13797
996600,4.1381
996601,4.13804
996602,4.17323
996603,4.18166
996604,4.18118
996605,4.18137
996606,4.18055
996607,4.18042
996608,4.18044
996609,4.17914
996610,4.17868
996611,2.70986
996612,3.74891
996613,3.74901
996614,3.74854
996615,3.74875
996616,3.74843
996617,3.74836
996618,3.74797
996619,3.74828
996620,3.78749
996621,3.79153
996622,3.79086
996623,3.79147
996624,3.79096
996625,3.8226
996626,3.83466
996627,3.8344
996628,3.83398
996629,3.8342
996630,3.83375
996631,3.83314
996632,3.83364
996633,3.83908
996634,3.87707
996635,3.87704
996636,3.87701
996637,3.87669
996638,3.87687
996639,3.87642
996640,3.87659
996641,3.87644
996642,3.91888
996643,3.91973
996644,3.91929
996645,3.91939
996646,3.91944
996647,3.91927
996648,3.91922
996649,3.91906
996650,3.91826
996651,3.96285
996652,3.96336
996653,3.96268
996654,3.96225
996655,3.96256
996656,3.9628
996657,3.96219
996658,3.96202
996659,3.96144
996660,4.00445
996661,4.00444
996662,4.004
996663,4.00446
996664,4.0045
996665,4.00414
996666,4.04747
996667,4.04765
996668,4.0469
996669,4.04735
996670,4.04643
996671,4.0466
996672,4.04679
996673,4.04625
996674,4.0472
996675,4.0898
996676,4.09002
996677,4.08976
996678,4.08967
996679,4.08951
996680,4.08911
996681,4.08839
996682,4.08871
996683,4.10074
996684,4.13233
996685,4.13167
996686,4.13164
996687,4.13176
996688,4.13086
996689,4.1313
996690,4.13155
996691,4.13088
996692,4.15125
996693,4.17395
996694,4.17368
996695,4.17315
996696,4.17326
996697,4.17239
996698,4.17227
996699,4.1721
996700,4.17208
996701,4.2102
996702,4.21581
996703,4.21522
996704,4.2154
996705,4.21494
996706,4.21517
996707,4.21445
996708,4.2146
996709,4.21417
996710,4.25766
996711,4.25694
996712,4.25672
996713,4.25633
996714,4.25631
996715,4.25601
996716,4.25597
996717,4.25607
996718,4.25579
996719,4.29883
996720,4.29867
996721,4.29814
996722,4.29752
996723,4.29809
996724,4.29824
996725,4.29754
996726,4.29753
996727,4.30375
996728,4.33982
996729,4.33997
996730,4.34048
996731,4.33972
996732,4.33938
996733,4.33842
996734,4.33866
996735,4.33819
996736,4.33777
996737,4.38087
996738,4.38121
996739,4.38064
996740,4.38048
996741,4.38026
996742,4.38009
996743,4.38011
996744,4.38017
996745,4.39767
996746,4.4222
996747,4.42157
996748,4.42097
996749,4.42112
996750,4.42118
996751,4.42052
996752,4.42035
996753,4.42049
996754,4.44403
996755,4.46265
996756,4.46259
996757,4.46225
996758,4.46199
996759,4.46209
996760,4.46167
996761,4.46107
996762,4.46016
996763,4.49522
996764,4.50385
996765,4.50295
996766,4.50222
996767,4.50305
996768,4.50277
996769,4.50249
996770,4.50263
996771,4.50229
996772,4.54549
996773,4.54482
996774,4.54474
996775,4.54432
996776,4.54425
996777,4.54362
996778,4.54358
996779,4.54296
996780,4.55011
996781,4.58485
996782,4.5849
996783,4.58509
996784,4.58441
996785,4.58456
996786,4.58376
996787,4.58338
996788,4.58349
996789,4.59838
996790,4.62592
996791,4.62559
996792,4.6253
996793,4.62477
996794,4.62458
996795,4.624
996796,4.62345
996797,4.62314
996798,4.64938
996799,4.66638
996800,4.66629
996801,4.66608
996802,4.66572
996803,4.66553
996804,4.66515
996805,4.66446
996806,4.66354
996807,4.69929
996808,4.7064
996809,4.70585
996810,4.70547
996811,4.70481
996812,4.70448
996813,4.70497
996814,4.70396
996815,4.70337
996816,4.74463
996817,4.74666
996818,4.74647
996819,4.74593
996820,4.74539
996821,4.74441
996822,4.74454
996823,4.74486
996824,4.74458
996825,4.78674
996826,4.78601
996827,4.78606
996828,4.78608
996829,4.78518
996830,4.78527
996831,4.78518
996832,4.78393
996833,4.52628
996834,2.70033
996835,3.71239
996836,3.71133
996837,3.71112
996838,3.71081
996839,3.71084
996840,3.71088
996841,3.71098
996842,3.71054
996843,3.75425
996844,3.75377
996845,3.75372
996846,3.75436
996847,3.75414
996848,3.75419
996849,3.75388
996850,3.75395
996851,3.75798
996852,3.79699
996853,3.79714
996854,3.79679
996855,3.79712
996856,3.79631
996857,3.79664
996858,3.79649
996859,3.79652
996860,3.81148
996861,3.84005
996862,3.84004
996863,3.83917
996864,3.8402
996865,3.84017
996866,3.83978
996867,3.83978
996868,3.83982
996869,3.847
996870,3.88253
996871,3.88219
996872,3.88199
996873,3.88176
996874,3.88216
996875,3.8822
996876,3.88173
996877,3.88175
996878,3.92647
996879,3.92638
996880,3.92579
996881,3.92544
996882,3.92569
996883,3.9254
996884,3.92505
996885,3.92485
996886,3.93161
996887,3.96829
996888,3.96809
996889,3.96816
996890,3.96779
996891,3.96746
996892,3.96785
996893,3.96806
996894,3.96795
996895,3.98571
996896,4.01078
996897,4.01089
996898,4.01055
996899,4.01077
996900,4.01091
996901,4.01032
996902,4.01103
996903,4.01055
996904,4.03827
996905,4.05336
996906,4.05346
996907,4.05317
996908,4.05303
996909,4.05266
996910,4.05245
996911,4.05227
996912,4.05258
996913,4.08765
996914,4.09535
996915,4.09517
996916,4.09463
996917,4.09513
996918,4.09444
996919,4.09428
996920,4.09404
996921,4.09438
996922,4.13742
996923,4.13668
996924,4.137
996925,4.13663
996926,4.13614
996927,4.13617
996928,4.13607
996929,4.13568
996930,4.14106
996931,4.17856
996932,4.17892
996933,4.17847
996934,4.178
996935,4.17786
996936,4.17772
996937,4.17815
996938,4.17802
996939,4.19301
996940,4.22008
996941,4.22021
996942,4.21992
996943,4.21973
996944,4.21971
996945,4.21936
996946,4.21925
996947,4.21931
996948,4.22868
996949,4.26235
996950,4.26155
996951,4.26137
996952,4.26128
996953,4.26148
996954,4.26104
996955,4.26108
996956,4.26088
996957,4.28797
996958,4.30284
996959,4.30335
996960,4.30358
996961,4.30227
996962,4.30285
996963,4.30268
996964,4.30283
996965,4.30232
996966,4.33933
996967,4.3451
996968,4.34449
996969,4.34469
996970,4.34368
996971,4.34365
996972,4.34305
996973,4.34347
996974,4.34323
996975,4.38562
996976,4.38573
996977,4.38497
996978,4.38532
996979,4.38438
996980,4.38444
996981,4.38426
996982,4.38431
996983,4.38713
996984,4.42674
996985,4.42662
996986,4.42606
996987,4.42605
996988,4.42565
996989,4.42571
996990,4.4256
996991,4.42477
996992,4.43832
996993,4.46759
996994,4.46729
996995,4.46704
996996,4.4662
996997,4.46623
996998,4.466
996999,4.46541
997000,4.46586
997001,4.49774
997002,4.50771
997003,4.50785
997004,4.50755
997005,4.5073
997006,4.50666
997007,4.5062
997008,4.5065
997009,4.50677
997010,4.54931
997011,4.54794
997012,4.54785
997013,4.54761
997014,4.5475
997015,4.54784
997016,4.54794
997017,4.54695
997018,4.54691
997019,4.59041
997020,4.58991
997021,4.5888
997022,4.5885
997023,4.58835
997024,4.58799
997025,4.58818
997026,4.58813
997027,4.58994
997028,4.63049
997029,4.62982
997030,4.62976
997031,4.62935
997032,4.62961
997033,4.62926
997034,4.62848
997035,4.62891
997036,4.65075
997037,4.67076
997038,4.66997
997039,4.67007
997040,4.66926
997041,4.66899
997042,4.6686
997043,4.66869
997044,4.66873
997045,4.70113
997046,4.71036
997047,4.70972
997048,4.71009
997049,4.70956
997050,4.70938
997051,4.70919
997052,4.70909
997053,4.7083
997054,4.75079
997055,4.75065
997056,4.75013
997057,4.74965
997058,4.74944
997059,4.74882
997060,4.74752
997061,4.74801
997062,4.72633
997063,2.68722
997064,3.6834
997065,3.68274
997066,3.682
997067,3.68252
997068,3.68248
997069,3.68173
997070,3.68094
997071,3.6813
997072,3.72445
997073,3.72517
997074,3.72469
997075,3.72461
997076,3.72532
997077,3.72467
997078,3.72521
997079,3.72434
997080,3.72762
997081,3.76748
997082,3.76761
997083,3.76722
997084,3.76738
997085,3.76711
997086,3.76683
997087,3.76725
997088,3.76738
997089,3.77871
997090,3.81042
997091,3.81012
997092,3.81037
997093,3.81047
997094,3.80992
997095,3.81019
997096,3.80972
997097,3.80967
997098,3.83691
997099,3.85273
997100,3.85307
997101,3.85285
997102,3.85246
997103,3.85196
997104,3.85176
997105,3.85201
997106,3.86007
997107,3.89573
997108,3.89532
997109,3.89566
997110,3.89458
997111,3.89571
997112,3.89531
997113,3.89506
997114,3.89527
997115,3.9248
997116,3.9386
997117,3.93831
997118,3.93808
997119,3.93748
997120,3.93745
997121,3.93751
997122,3.9375
997123,3.93701
997124,3.98066
997125,3.97978
997126,3.97985
997127,3.97915
997128,3.9794
997129,3.97933
997130,3.97932
997131,3.97954
997132,4.0123
997133,4.02237
997134,4.02156
997135,4.02214
997136,4.02182
997137,4.04235
997138,4.06464
997139,4.0646
997140,4.06435
997141,4.06427
997142,4.06409
997143,4.06468
997144,4.06417
997145,4.06337
997146,4.09025
997147,4.10639
997148,4.10638
997149,4.10573
997150,4.10586
997151,4.10589
997152,4.10575
997153,4.10502
997154,4.10541
997155,4.12722
997156,4.14791
997157,4.14835
997158,4.14815
997159,4.14793
997160,4.14757
997161,4.14663
997162,4.14672
997163,4.14661
997164,4.17782
997165,4.18895
997166,4.189
997167,4.18901
997168,4.18911
997169,4.18891
997170,4.18814
997171,4.18845
997172,4.18823
997173,4.23115
997174,4.23028
997175,4.23102
997176,4.23066
997177,4.23035
997178,4.22955
997179,4.23056
997180,4.23009
997181,4.23
997182,4.2721
997183,4.271
997184,4.27131
997185,4.27166
997186,4.27205
997187,4.27114
997188,4.2711
997189,4.27085
997190,4.27699
997191,4.31354
997192,4.31408
997193,4.31317
997194,4.31366
997195,4.31292
997196,4.31282
997197,4.31284
997198,4.31284
997199,4.32673
997200,4.35307
997201,4.35375
997202,4.35307
997203,4.35277
997204,4.3526
997205,4.35271
997206,4.35237
997207,4.35214
997208,4.37279
997209,4.39512
997210,4.39404
997211,4.39366
997212,4.39384
997213,4.39345
997214,4.39312
997215,4.39244
997216,4.39296
997217,4.43354
997218,4.4352
997219,4.43436
997220,4.43498
997221,4.43479
997222,4.43441
997223,4.43374
997224,4.43385
997225,4.43356
997226,4.47606
997227,4.47533
997228,4.47564
997229,4.47462
997230,4.475
997231,4.47426
997232,4.47408
997233,4.47393
997234,4.47431
997235,4.51614
997236,4.51553
997237,4.51524
997238,4.51551
997239,4.51493
997240,4.51439
997241,4.51442
997242,4.51397
997243,4.51484
997244,4.55633
997245,4.5565
997246,4.55639
997247,4.55507
997248,4.55484
997249,4.55522
997250,4.55522
997251,4.55458
997252,4.57363
997253,4.59595
997254,4.59597
997255,4.59537
997256,4.59584
997257,4.59549
997258,4.59504
997259,4.59463
997260,4.59468
997261,4.62305
997262,4.63633
997263,4.63584
997264,4.63523
997265,4.63541
997266,4.63557
997267,4.63491
997268,4.63405
997269,4.63361
997270,4.67031
997271,4.67554
997272,4.67473
997273,4.67467
997274,4.67418
997275,4.67396
997276,4.67365
997277,4.67413
997278,4.67319
997279,4.71563
997280,4.71524
997281,4.71542
997282,4.71479
997283,4.7147
997284,4.71492
997285,4.71405
997286,4.7143
997287,4.71299
997288,2.65712
997289,3.65624
997290,3.65486
997291,3.65456
997292,3.65498
997293,3.65472
997294,3.65522
997295,3.65497
997296,3.655
997297,3.69773
997298,3.6974
997299,3.698
997300,3.6975
997301,3.69751
997302,3.69734
997303,3.6975
997304,3.69751
997305,3.69851
997306,3.74031
997307,3.74059
997308,3.74054
997309,3.7404
997310,3.74006
997311,3.73951
997312,3.73978
997313,3.74018
997314,3.75641
997315,3.78304
997316,3.7826
997317,3.78254
997318,3.78169
997319,3.78296
997320,3.78228
997321,3.78223
997322,3.78248
997323,3.80609
997324,3.82512
997325,3.82471
997326,3.82433
997327,3.82438
997328,3.82496
997329,3.82439
997330,3.82467
997331,3.82463
997332,3.85259
997333,3.86787
997334,3.86771
997335,3.86745
997336,3.86755
997337,3.86707
997338,3.86683
997339,3.86685
997340,3.86725
997341,3.89969
997342,3.90893
997343,3.90867
997344,3.9087
997345,3.90856
997346,3.90872
997347,3.90864
997348,3.90865
997349,3.90871
997350,3.95134
997351,3.95094
997352,3.95031
997353,3.95049
997354,3.95029
997355,3.95096
997356,3.95079
997357,3.95107
997358,3.95315
997359,3.99299
997360,3.99277
997361,3.99289
997362,3.99307
997363,3.9928
997364,3.99328
997365,3.99264
997366,3.99229
997367,3.99844
997368,4.03534
997369,4.03571
997370,4.03513
997371,4.03568
997372,4.03484
997373,4.03473
997374,4.03454
997375,4.03463
997376,4.05295
997377,4.07628
997378,4.07631
997379,4.07708
997380,4.07662
997381,4.07677
997382,4.07687
997383,4.0769
997384,4.07678
997385,4.11084
997386,4.11904
997387,4.11878
997388,4.11841
997389,4.11818
997390,4.11774
997391,4.1173
997392,4.11768
997393,4.12717
997394,4.16046
997395,4.15995
997396,4.16003
997397,4.15911
997398,4.15973
997399,4.15859
997400,4.15876
997401,4.15852
997402,4.18032
997403,4.20058
997404,4.20084
997405,4.20042
997406,4.20031
997407,4.2004
997408,4.20038
997409,4.19963
997410,4.19994
997411,4.22783
997412,4.24162
997413,4.2414
997414,4.24127
997415,4.2414
997416,4.2408
997417,4.24058
997418,4.24119
997419,4.24134
997420,4.27716
997421,4.28288
997422,4.28324
997423,4.2825
997424,4.2823
997425,4.28203
997426,4.28191
997427,4.28182
997428,4.28168
997429,4.32313
997430,4.32287
997431,4.32165
997432,4.32226
997433,4.32283
997434,4.32221
997435,4.3224
997436,4.32258
997437,4.32414
997438,4.36348
997439,4.36324
997440,4.36349
997441,4.3639
997442,4.3628
997443,4.36241
997444,4.36186
997445,4.36231
997446,4.3697
997447,4.40413
997448,4.4044
997449,4.40405
997450,4.4039
997451,4.40386
997452,4.40454
997453,4.40391
997454,4.40392
997455,4.41709
997456,4.44619
997457,4.44552
997458,4.44531
997459,4.44488
997460,4.44411
997461,4.44453
997462,4.44373
997463,4.44315
997464,4.46415
997465,4.48507
997466,4.4855
997467,4.48489
997468,4.48498
997469,4.48526
997470,4.48438
997471,4.48426
997472,4.48407
997473,4.52222
997474,4.52588
997475,4.5252
997476,4.52497
997477,4.52474
997478,4.5242
997479,4.52411
997480,4.52417
997481,4.52452
997482,4.56583
997483,4.5653
997484,4.56562
997485,4.56489
997486,4.56509
997487,4.56462
997488,4.56475
997489,4.56442
997490,4.56439
997491,4.60562
997492,4.60552
997493,4.60546
997494,4.60564
997495,4.60522
997496,4.60516
997497,4.60509
997498,4.60498
997499,4.60532
997500,4.64642
997501,4.646
997502,4.64525
997503,4.64585
997504,4.64434
997505,4.64483
997506,4.64398
997507,4.64377
997508,4.6515
997509,4.68581
997510,4.68523
997511,4.68439
997512,4.68441
997513,4.6846
997514,4.68418
997515,4.68412
997516,4.68271
997517,3.24784
997518,2.60226
997519,3.62328
997520,3.6236
997521,3.62322
997522,3.62309
997523,3.6233
997524,3.62278
997525,3.62287
997526,3.62281
997527,3.64354
997528,3.66486
997529,3.66542
997530,3.6644
997531,3.66522
997532,3.66465
997533,3.66488
997534,3.66502
997535,3.66534
997536,3.70574
997537,3.70797
997538,3.70767
997539,3.70811
997540,3.70727
997541,3.70774
997542,3.70783
997543,3.70758
997544,3.70776
997545,3.75003
997546,3.74969
997547,3.75011
997548,3.74973
997549,3.74943
997550,3.74971
997551,3.74923
997552,3.749
997553,3.74942
997554,3.79188
997555,3.79188
997556,3.79138
997557,3.79133
997558,3.79168
997559,3.79135
997560,3.7913
997561,3.79117
997562,3.79647
997563,3.83352
997564,3.83381
997565,3.83391
997566,3.8344
997567,3.83416
997568,3.83406
997569,3.83373
997570,3.83308
997571,3.87114
997572,3.87604
997573,3.87531
997574,3.8752
997575,3.87529
997576,3.87548
997577,3.87494
997578,3.87517
997579,3.87859
997580,3.9176
997581,3.91721
997582,3.91731
997583,3.91741
997584,3.91717
997585,3.91688
997586,3.91685
997587,3.91744
997588,3.93958
997589,3.9589
997590,3.95886
997591,3.95851
997592,3.95817
997593,3.95852
997594,3.9587
997595,3.95784
997596,3.95857
997597,3.99419
997598,4.00052
997599,4.00014
997600,4.00026
997601,4.00052
997602,3.99982
997603,3.99918
997604,4.00001
997605,4.01115
997606,4.04215
997607,4.04159
997608,4.04207
997609,4.04149
997610,4.04122
997611,4.05218
997612,4.08343
997613,4.08302
997614,4.08312
997615,4.08342
997616,4.08248
997617,4.0825
997618,4.08203
997619,4.08261
997620,4.10538
997621,4.12446
997622,4.12398
997623,4.12409
997624,4.12353
997625,4.12425
997626,4.12368
997627,4.12334
997628,4.12284
997629,4.14929
997630,4.16466
997631,4.16444
997632,4.16381
997633,4.16371
997634,4.16454
997635,4.16399
997636,4.16414
997637,4.1639
997638,4.19511
997639,4.20625
997640,4.20554
997641,4.20565
997642,4.20554
997643,4.20496
997644,4.20519
997645,4.20468
997646,4.2054
997647,4.24214
997648,4.24624
997649,4.24578
997650,4.24598
997651,4.24582
997652,4.24572
997653,4.2451
997654,4.24558
997655,4.24547
997656,4.28694
997657,4.28609
997658,4.28583
997659,4.28543
997660,4.28555
997661,4.28581
997662,4.28488
997663,4.28533
997664,4.28509
997665,4.32323
997666,4.3269
997667,4.32666
997668,4.32617
997669,4.32596
997670,4.32498
997671,4.32543
997672,4.32526
997673,4.32568
997674,4.36743
997675,4.3672
997676,4.36685
997677,4.36657
997678,4.3658
997679,4.36643
997680,4.36595
997681,4.36584
997682,4.37475
997683,4.40777
997684,4.40763
997685,4.40724
997686,4.40666
997687,4.40628
997688,4.40681
997689,4.40585
997690,4.40616
997691,4.43283
997692,4.4478
997693,4.44758
997694,4.44675
997695,4.44656
997696,4.44635
997697,4.4478
997698,4.44689
997699,4.44677
997700,4.48162
997701,4.48807
997702,4.48756
997703,4.48683
997704,4.48678
997705,4.48616
997706,4.48599
997707,4.48572
997708,4.48509
997709,4.52662
997710,4.52688
997711,4.52703
997712,4.52701
997713,4.52657
997714,4.52582
997715,4.52561
997716,4.52571
997717,4.52607
997718,4.56687
997719,4.56638
997720,4.56642
997721,4.56538
997722,4.56583
997723,4.56531
997724,4.56522
997725,4.56519
997726,4.58024
997727,4.60652
997728,4.60637
997729,4.60578
997730,4.60537
997731,4.60536
997732,4.60566
997733,4.60519
997734,4.605
997735,4.62929
997736,4.64633
997737,4.64587
997738,4.64574
997739,4.64559
997740,4.64522
997741,4.64517
997742,4.64566
997743,4.65813
997744,2.60503
997745,3.59286
997746,3.59205
997747,3.59155
997748,3.59165
997749,3.5913
997750,3.59132
997751,3.59107
997752,3.59153
997753,3.62259
997754,3.63262
997755,3.63305
997756,3.63275
997757,3.63287
997758,3.6325
997759,3.63243
997760,3.63209
997761,3.63221
997762,3.67309
997763,3.67408
997764,3.67398
997765,3.67414
997766,3.67379
997767,3.67421
997768,3.67399
997769,3.67374
997770,3.67421
997771,3.71663
997772,3.71681
997773,3.71633
997774,3.71695
997775,3.71622
997776,3.7167
997777,3.7159
997778,3.71615
997779,3.72639
997780,3.75797
997781,3.7581
997782,3.75809
997783,3.75839
997784,3.75804
997785,3.75802
997786,3.75844
997787,3.75845
997788,3.78441
997789,3.80064
997790,3.80065
997791,3.80062
997792,3.80068
997793,3.80098
997794,3.8007
997795,3.80118
997796,3.80096
997797,3.83581
997798,3.84259
997799,3.84287
997800,3.8428
997801,3.84232
997802,3.84226
997803,3.84227
997804,3.84252
997805,3.84232
997806,3.88383
997807,3.88374
997808,3.88428
997809,3.88386
997810,3.88384
997811,3.8839
997812,3.8838
997813,3.88384
997814,3.88439
997815,3.92585
997816,3.92613
997817,3.92543
997818,3.9259
997819,3.92596
997820,3.9258
997821,3.92606
997822,3.92588
997823,3.93744
997824,3.96733
997825,3.96758
997826,3.96725
997827,3.96674
997828,3.96687
997829,3.96751
997830,3.96708
997831,3.96735
997832,3.99662
997833,4.00921
997834,4.00916
997835,4.00851
997836,4.00843
997837,4.00907
997838,4.00876
997839,4.00896
997840,4.00866
997841,4.04885
997842,4.04997
997843,4.05005
997844,4.04971
997845,4.05022
997846,4.0499
997847,4.05033
997848,4.0494
997849,4.04939
997850,4.09155
997851,4.09122
997852,4.09134
997853,4.09039
997854,4.09086
997855,4.09106
997856,4.09166
997857,4.09042
997858,4.09128
997859,4.13272
997860,4.13232
997861,4.1325
997862,4.13247
997863,4.13251
997864,4.13218
997865,4.13205
997866,4.13254
997867,4.13193
997868,4.17357
997869,4.17332
997870,4.17281
997871,4.17277
997872,4.17229
997873,4.17207
997874,4.17262
997875,4.17213
997876,4.17848
997877,4.21355
997878,4.21317
997879,4.21294
997880,4.21335
997881,4.21284
997882,4.21276
997883,4.21297
997884,4.2127
997885,4.22829
997886,4.25378
997887,4.25385
997888,4.25319
997889,4.25311
997890,4.2529
997891,4.2525
997892,4.25268
997893,4.25228
997894,4.27792
997895,4.29365
997896,4.29331
997897,4.29339
997898,4.29305
997899,4.29292
997900,4.29274
997901,4.29275
997902,4.2932
997903,4.33359
997904,4.3344
997905,4.33421
997906,4.33458
997907,4.33336
997908,4.33364
997909,4.33346
997910,4.33365
997911,4.34051
997912,4.37422
997913,4.3742
997914,4.37376
997915,4.37346
997916,4.37366
997917,4.37342
997918,4.37314
997919,4.37346
997920,4.38848
997921,4.41431
997922,4.41491
997923,4.41483
997924,4.41495
997925,4.41419
997926,4.41458
997927,4.41396
997928,4.41375
997929,4.43763
997930,4.45501
997931,4.45501
997932,4.45499
997933,4.45474
997934,4.45401
997935,4.45383
997936,4.45342
997937,4.45303
997938,4.48774
997939,4.49409
997940,4.49424
997941,4.49469
997942,4.49432
997943,4.49403
997944,4.4939
997945,4.49377
997946,4.4929
997947,4.52836
997948,4.53462
997949,4.53417
997950,4.53332
997951,4.53365
997952,4.53369
997953,4.53306
997954,4.53318
997955,4.53284
997956,4.57393
997957,4.57372
997958,4.57416
997959,4.57379
997960,4.57362
997961,4.57301
997962,4.57345
997963,4.57331
997964,4.57301
997965,4.61387
997966,4.61398
997967,4.61351
997968,4.61398
997969,4.61382
997970,4.6134
997971,4.61286
997972,4.61275
997973,4.12637
997974,2.58978
997975,3.58481
997976,3.58392
997977,3.58428
997978,3.58399
997979,3.58312
997980,3.58357
997981,3.58305
997982,3.58294
997983,3.60943
997984,3.6245
997985,3.62484
997986,3.62511
997987,3.62481
997988,3.62452
997989,3.62454
997990,3.62458
997991,3.62465
997992,3.65829
997993,3.6662
997994,3.66645
997995,3.66633
997996,3.66623
997997,3.66608
997998,3.66667
997999,3.66724
998000,3.6663
998001,3.708
998002,3.70919
998003,3.7091
998004,3.7096
998005,3.7087
998006,3.70909
998007,3.70903
998008,3.70954
998009,3.71615
998010,3.7517
998011,3.75218
998012,3.75161
998013,3.75124
998014,3.75119
998015,3.75138
998016,3.75158
998017,3.75153
998018,3.76113
998019,3.79429
998020,3.79406
998021,3.79456
998022,3.79451
998023,3.794
998024,3.79415
998025,3.79445
998026,3.79413
998027,3.81165
998028,3.83559
998029,3.83592
998030,3.83596
998031,3.83542
998032,3.83597
998033,3.83557
998034,3.83601
998035,3.8361
998036,3.8598
998037,3.87825
998038,3.87791
998039,3.87809
998040,3.87771
998041,3.87737
998042,3.87704
998043,3.87797
998044,3.87866
998045,3.92021
998046,3.92008
998047,3.9199
998048,3.91994
998049,3.91966
998050,3.91966
998051,3.91923
998052,3.91936
998053,3.93674
998054,3.96109
998055,3.96091
998056,3.96124
998057,3.96128
998058,3.96083
998059,3.96136
998060,3.96083
998061,3.96089
998062,4.00129
998063,4.00263
998064,4.00272
998065,4.0021
998066,4.00202
998067,4.00242
998068,4.0024
998069,4.00269
998070,4.00292
998071,4.04483
998072,4.04372
998073,4.04374
998074,4.04444
998075,4.04371
998076,4.04384
998077,4.04349
998078,4.04361
998079,4.043
998080,4.08503
998081,4.08513
998082,4.08468
998083,4.08383
998084,4.08392
998085,4.12054
998086,4.1257
998087,4.12569
998088,4.12548
998089,4.1252
998090,4.12487
998091,4.12498
998092,4.12525
998093,4.12562
998094,4.16652
998095,4.16668
998096,4.16683
998097,4.16631
998098,4.16562
998099,4.16532
998100,4.16576
998101,4.16571
998102,4.16614
998103,4.20722
998104,4.20729
998105,4.20773
998106,4.2076
998107,4.20741
998108,4.20694
998109,4.20615
998110,4.20619
998111,4.21328
998112,4.24687
998113,4.24605
998114,4.24656
998115,4.24635
998116,4.24667
998117,4.24685
998118,4.24694
998119,4.24642
998120,4.27112
998121,4.28723
998122,4.28734
998123,4.2868
998124,4.28695
998125,4.28738
998126,4.28719
998127,4.28729
998128,4.28691
998129,4.31735
998130,4.3282
998131,4.32818
998132,4.32761
998133,4.32747
998134,4.32789
998135,4.32771
998136,4.32761
998137,4.32737
998138,4.36371
998139,4.36823
998140,4.36815
998141,4.36773
998142,4.36844
998143,4.36745
998144,4.36749
998145,4.36713
998146,4.36722
998147,4.40824
998148,4.40836
998149,4.40779
998150,4.40785
998151,4.40818
998152,4.40839
998153,4.40801
998154,4.40735
998155,4.40798
998156,4.44962
998157,4.44921
998158,4.44915
998159,4.44907
998160,4.44824
998161,4.4481
998162,4.44774
998163,4.44767
998164,4.4607
998165,4.48884
998166,4.48888
998167,4.48801
998168,4.48808
998169,4.48898
998170,4.48814
998171,4.4883
998172,4.48765
998173,4.50648
998174,4.52912
998175,4.52851
998176,4.52887
998177,4.52829
998178,4.52851
998179,4.52753
998180,4.52796
998181,4.52736
998182,4.55404
998183,4.56879
998184,4.56804
998185,4.56819
998186,4.56791
998187,4.5675
998188,4.56775
998189,4.56736
998190,4.56764
998191,4.60124
998192,4.60832
998193,4.60817
998194,4.60767
998195,4.6082
998196,4.60751
998197,4.60756
998198,4.60792
998199,4.60708
998200,2.5621
998201,3.57505
998202,3.5739
998203,3.5742
998204,3.57449
998205,3.57439
998206,3.57423
998207,3.57446
998208,3.57416
998209,3.60758
998210,3.6156
998211,3.61584
998212,3.61625
998213,3.61608
998214,3.61686
998215,3.61661
998216,3.61676
998217,3.61637
998218,3.65849
998219,3.65842
998220,3.65883
998221,3.65866
998222,3.65823
998223,3.65882
998224,3.65881
998225,3.65913
998226,3.66385
998227,3.70089
998228,3.70099
998229,3.70034
998230,3.70065
998231,3.7009
998232,3.70064
998233,3.70014
998234,3.69998
998235,3.7067
998236,3.74213
998237,3.74205
998238,3.74235
998239,3.7421
998240,3.74215
998241,3.74223
998242,3.74236
998243,3.74215
998244,3.7466
998245,3.78502
998246,3.78538
998247,3.78507
998248,3.78471
998249,3.78499
998250,3.78525
998251,3.78471
998252,3.78472
998253,3.81491
998254,3.82644
998255,3.82626
998256,3.82658
998257,3.82647
998258,3.82701
998259,3.82707
998260,3.82642
998261,3.82891
998262,3.86835
998263,3.86827
998264,3.86796
998265,3.86845
998266,3.86796
998267,3.86803
998268,3.86814
998269,3.86777
998270,3.88663
998271,3.90964
998272,3.90965
998273,3.90963
998274,3.9091
998275,3.90948
998276,3.90971
998277,3.90957
998278,3.90947
998279,3.92027
998280,3.95147
998281,3.95123
998282,3.9509
998283,3.95101
998284,3.95054
998285,3.95069
998286,3.95093
998287,3.95098
998288,3.97931
998289,3.99197
998290,3.99213
998291,3.99214
998292,3.99214
998293,3.99189
998294,3.9923
998295,3.99165
998296,3.9921
998297,4.02819
998298,4.03388
998299,4.03348
998300,4.03376
998301,4.034
998302,4.03414
998303,4.03324
998304,4.03355
998305,4.0356
998306,4.07524
998307,4.07512
998308,4.07511
998309,4.07493
998310,4.07421
998311,4.07434
998312,4.07423
998313,4.0743
998314,4.08178
998315,4.11583
998316,4.11555
998317,4.11535
998318,4.11535
998319,4.11567
998320,4.11574
998321,4.11489
998322,4.11463
998323,4.12662
998324,4.15686
998325,4.15696
998326,4.15718
998327,4.15607
998328,4.15628
998329,4.15631
998330,4.15634
998331,4.15571
998332,4.17518
998333,4.19714
998334,4.19695
998335,4.1975
998336,4.19672
998337,4.19686
998338,4.19718
998339,4.19709
998340,4.19643
998341,4.22877
998342,4.237
998343,4.23689
998344,4.23685
998345,4.23663
998346,4.23663
998347,4.23666
998348,4.23709
998349,4.23652
998350,4.2755
998351,4.27763
998352,4.27709
998353,4.27736
998354,4.27669
998355,4.27622
998356,4.2767
998357,4.27636
998358,4.27629
998359,4.3011
998360,4.31792
998361,4.3178
998362,4.31755
998363,4.31737
998364,4.3178
998365,4.31775
998366,4.31735
998367,4.31726
998368,4.34902
998369,4.35838
998370,4.35781
998371,4.35774
998372,4.35714
998373,4.35721
998374,4.35738
998375,4.35735
998376,4.35699
998377,4.39593
998378,4.39897
998379,4.39854
998380,4.39797
998381,4.39823
998382,4.39805
998383,4.39834
998384,4.39795
998385,4.40065
998386,4.43909
998387,4.4389
998388,4.43859
998389,4.43815
998390,4.43814
998391,4.43831
998392,4.43799
998393,4.43783
998394,4.44836
998395,4.4791
998396,4.47863
998397,4.47799
998398,4.47745
998399,4.47754
998400,4.47744
998401,4.47728
998402,4.4768
998403,4.49237
998404,4.51807
998405,4.51846
998406,4.51863
998407,4.51836
998408,4.51762
998409,4.51747
998410,4.51756
998411,4.51671
998412,4.53855
998413,4.55888
998414,4.55887
998415,4.55822
998416,4.5587
998417,4.55773
998418,4.55798
998419,4.5579
998420,4.55714
998421,4.59009
998422,4.59832
998423,4.598
998424,4.59747
998425,4.59756
998426,4.5971
998427,4.59725
998428,4.59677
998429,4.59744
998430,2.53425
998431,3.56596
998432,3.56531
998433,3.56463
998434,3.56489
998435,3.56493
998436,3.56457
998437,3.56454
998438,3.56501
998439,3.60677
998440,3.60649
998441,3.60652
998442,3.60714
998443,3.60678
998444,3.60689
998445,3.60632
998446,3.60613
998447,3.61369
998448,3.6488
998449,3.64878
998450,3.64879
998451,3.64873
998452,3.64898
998453,3.64893
998454,3.6491
998455,3.64901
998456,3.66339
998457,3.69021
998458,3.69058
998459,3.69015
998460,3.6902
998461,3.68998
998462,3.68997
998463,3.68978
998464,3.6901
998465,3.71779
998466,3.73094
998467,3.73092
998468,3.732
998469,3.73126
998470,3.73189
998471,3.73157
998472,3.73143
998473,3.73115
998474,3.77341
998475,3.77354
998476,3.77343
998477,3.77422
998478,3.77397
998479,3.77343
998480,3.77399
998481,3.77363
998482,3.78352
998483,3.81553
998484,3.81564
998485,3.81569
998486,3.81583
998487,3.81553
998488,3.81459
998489,3.81525
998490,3.81508
998491,3.83756
998492,3.85733
998493,3.85715
998494,3.85742
998495,3.85725
998496,3.85782
998497,3.85744
998498,3.85704
998499,3.85705
998500,3.88068
998501,3.89864
998502,3.89889
998503,3.89819
998504,3.89864
998505,3.89872
998506,3.89913
998507,3.89897
998508,3.89873
998509,3.92641
998510,3.93993
998511,3.9406
998512,3.9407
998513,3.94028
998514,3.94031
998515,3.93964
998516,3.93965
998517,3.94013
998518,3.97798
998519,3.98107
998520,3.9814
998521,3.98183
998522,3.98161
998523,3.98122
998524,3.98152
998525,3.98146
998526,3.9813
998527,4.02335
998528,4.02292
998529,4.02291
998530,4.02255
998531,4.0227
998532,4.02254
998533,4.02255
998534,4.02284
998535,4.02598
998536,4.06417
998537,4.06437
998538,4.06413
998539,4.06389
998540,4.06377
998541,4.06393
998542,4.06368
998543,4.06412
998544,4.08586
998545,4.10497
998546,4.10533
998547,4.10578
998548,4.10525
998549,4.10493
998550,4.10555
998551,4.10559
998552,4.10518
998553,4.13992
998554,4.14607
998555,4.14643
998556,4.14613
998557,4.14547
998558,4.145
998559,4.14538
998560,4.16661
998561,4.18639
998562,4.18705
998563,4.18701
998564,4.18618
998565,4.18607
998566,4.1868
998567,4.1862
998568,4.18587
998569,4.20834
998570,4.22636
998571,4.22576
998572,4.22589
998573,4.22586
998574,4.22568
998575,4.22567
998576,4.22558
998577,4.22487
998578,4.25588
998579,4.26622
998580,4.26636
998581,4.26618
998582,4.26588
998583,4.26587
998584,4.26606
998585,4.26592
998586,4.26575
998587,4.29791
998588,4.30762
998589,4.30716
998590,4.30706
998591,4.30708
998592,4.30631
998593,4.30651
998594,4.30652
998595,4.30647
998596,4.34787
998597,4.34767
998598,4.34688
998599,4.34767
998600,4.34767
998601,4.34727
998602,4.3473
998603,4.34713
998604,4.3508
998605,4.38803
998606,4.38825
998607,4.38804
998608,4.38766
998609,4.38717
998610,4.38693
998611,4.38704
998612,4.38715
998613,4.39883
998614,4.42771
998615,4.42828
998616,4.42786
998617,4.42744
998618,4.42696
998619,4.42739
998620,4.42717
998621,4.42652
998622,4.44022
998623,4.46777
998624,4.46726
998625,4.46708
998626,4.4669
998627,4.46743
998628,4.46738
998629,4.46645
998630,4.46678
998631,4.48631
998632,4.50707
998633,4.50773
998634,4.50749
998635,4.50738
998636,4.50687
998637,4.50692
998638,4.50652
998639,4.50667
998640,4.52759
998641,4.54742
998642,4.54685
998643,4.5468
998644,4.54665
998645,4.54617
998646,4.54532
998647,4.54497
998648,4.54511
998649,4.56449
998650,4.58575
998651,4.58628
998652,4.58625
998653,4.58568
998654,4.58563
998655,4.58566
998656,4.58544
998657,4.58515
998658,3.12416
998659,2.57022
998660,3.55485
998661,3.55463
998662,3.55459
998663,3.55425
998664,3.55453
998665,3.55423
998666,3.55394
998667,3.55429
998668,3.5958
998669,3.59629
998670,3.5963
998671,3.59693
998672,3.59694
998673,3.59699
998674,3.59648
998675,3.5964
998676,3.59611
998677,3.63786
998678,3.6376
998679,3.63761
998680,3.63807
998681,3.6379
998682,3.6381
998683,3.63758
998684,3.63821
998685,3.6385
998686,3.67958
998687,3.67974
998688,3.68011
998689,3.68023
998690,3.68066
998691,3.67998
998692,3.68037
998693,3.68013
998694,3.68638
998695,3.72128
998696,3.7214
998697,3.72169
998698,3.72165
998699,3.72202
998700,3.72213
998701,3.72177
998702,3.72243
998703,3.73741
998704,3.764
998705,3.76406
998706,3.76431
998707,3.76363
998708,3.76395
998709,3.76362
998710,3.76372
998711,3.76345
998712,3.78708
998713,3.80513
998714,3.80515
998715,3.8053
998716,3.80546
998717,3.80494
998718,3.80473
998719,3.80449
998720,3.80479
998721,3.83857
998722,3.84667
998723,3.84654
998724,3.84684
998725,3.8462
998726,3.8464
998727,3.84642
998728,3.84593
998729,3.84603
998730,3.88642
998731,3.88779
998732,3.88757
998733,3.88731
998734,3.88709
998735,3.88662
998736,3.88694
998737,3.88746
998738,3.89298
998739,3.92959
998740,3.92906
998741,3.92893
998742,3.92871
998743,3.92906
998744,3.92946
998745,3.92891
998746,3.92841
998747,3.94294
998748,3.96979
998749,3.96978
998750,3.97
998751,3.96997
998752,3.96998
998753,3.97036
998754,3.97022
998755,3.97029
998756,3.99336
998757,4.01183
998758,4.01165
998759,4.01194
998760,4.01173
998761,4.01176
998762,4.01152
998763,4.01148
998764,4.0115
998765,4.04005
998766,4.05322
998767,4.05337
998768,4.05317
998769,4.05237
998770,4.05268
998771,4.05219
998772,4.05211
998773,4.05264
998774,4.09272
998775,4.09388
998776,4.0936
998777,4.09308
998778,4.09324
998779,4.09314
998780,4.09324
998781,4.09325
998782,4.10152
998783,4.13422
998784,4.13403
998785,4.13411
998786,4.13415
998787,4.13427
998788,4.13302
998789,4.13335
998790,4.13318
998791,4.15007
998792,4.1744
998793,4.17474
998794,4.17425
998795,4.17524
998796,4.17481
998797,4.175
998798,4.17498
998799,4.17503
998800,4.2044
998801,4.21483
998802,4.21539
998803,4.21515
998804,4.21475
998805,4.21438
998806,4.21388
998807,4.21343
998808,4.21326
998809,4.25538
998810,4.25536
998811,4.25515
998812,4.25513
998813,4.25502
998814,4.25509
998815,4.25471
998816,4.2548
998817,4.26006
998818,4.29542
998819,4.29566
998820,4.29555
998821,4.29569
998822,4.29467
998823,4.29456
998824,4.29444
998825,4.29491
998826,4.30897
998827,4.33545
998828,4.33615
998829,4.33535
998830,4.33578
998831,4.33561
998832,4.336
998833,4.33537
998834,4.33527
998835,4.35455
998836,4.3763
998837,4.37645
998838,4.37636
998839,4.37561
998840,4.37546
998841,4.37503
998842,4.37509
998843,4.37529
998844,4.40478
998845,4.41656
998846,4.41648
998847,4.41587
998848,4.41542
998849,4.41517
998850,4.41474
998851,4.41487
998852,4.41469
998853,4.45262
998854,4.45559
998855,4.45489
998856,4.45522
998857,4.4547
998858,4.45417
998859,4.4547
998860,4.45413
998861,4.45427
998862,4.49437
998863,4.49392
998864,4.49446
998865,4.49352
998866,4.49301
998867,4.49309
998868,4.49326
998869,4.49282
998870,4.49556
998871,4.53365
998872,4.5333
998873,4.53267
998874,4.533
998875,4.5325
998876,4.5326
998877,4.53229
998878,4.53221
998879,4.54406
998880,4.57216
998881,4.57303
998882,4.57247
998883,4.57212
998884,4.57209
998885,4.57184
998886,4.57203
998887,4.5708
998888,3.24224
999073,4.13519
999074,4.13321
999075,4.13243
999076,4.13194
999077,4.13157
999078,4.13101
999079,4.13106
999080,4.131
999081,4.14438
999082,4.17095
999083,4.17101
999084,4.17059
999085,4.1706
999086,4.17039
999087,4.17066
999088,4.17055
999089,4.17066
999090,4.1891
999091,4.21121
999092,4.21119
999093,4.21084
999094,4.21086
999095,4.21021
999096,4.20999
999097,4.20983
999098,4.20949
999099,4.24183
999100,4.25072
999101,4.24999
999102,4.25045
999103,4.25048
999104,4.25046
999105,4.25032
999106,4.25063
999107,4.25041
999108,4.26934
999109,4.29076
999110,4.29057
999111,4.29066
999112,4.29018
999113,4.29016
999114,4.28982
999115,4.2899
999116,4.2895
999117,4.31368
999118,4.32959
999119,4.32966
999120,4.32972
999121,4.32935
999122,4.32984
999123,4.32998
999124,4.32936
999125,4.32959
999126,4.35793
999127,4.36942
999128,4.36939
999129,4.36897
999130,4.36861
999131,4.36906
999132,4.3693
999133,4.36902
999134,4.36879
999135,4.40911
999136,4.40832
999137,4.40854
999138,4.40821
999139,4.4085
999140,4.4082
999141,4.40839
999142,4.40815
999143,4.40737
999144,4.44749
999145,4.44779
999146,4.44692
999147,4.44711
999148,4.44731
999149,4.44715
999150,4.44651
999151,4.44657
999152,4.45403
999153,4.48693
999154,4.48693
999155,4.48588
999156,4.48632
999157,4.48613
999158,4.48584
999159,4.48614
999160,4.48553
999161,4.50049
999162,4.52617
999163,4.52582
999164,4.52654
999165,4.52535
999166,4.52519
999167,4.5248
999168,4.52428
999169,4.52452
999170,4.54604
999171,4.56471
999172,4.56478
999173,4.56411
999174,4.56393
999175,4.56417
999176,4.56336
999177,4.56363
999178,4.56332
999179,4.59788
999180,4.60378
999181,4.6032
999182,4.60238
999183,4.6031
999184,4.60301
999185,4.60297
999186,4.60208
999187,4.60169
999188,4.62124
999189,4.64227
999190,4.64172
999191,4.64129
999192,4.64112
999193,4.64052
999194,4.64078
999195,4.64042
999196,4.64015
999197,4.66185
999198,4.68015
999199,4.67952
999200,4.67987
999201,4.68052
999202,4.67974
999203,4.67975
999204,4.67921
999205,4.67892
999206,4.7045
999207,4.71962
999208,4.71944
999209,4.71913
999210,4.71909
999211,4.71872
999212,4.71824
999213,4.71858
999214,4.71778
999215,4.75848
999216,4.75819
999217,4.75765
999218,4.75728
999219,4.75706
999220,4.75679
999221,4.75651
999222,4.7554
999223,4.75551
999224,4.79554
999225,4.79568
999226,4.79468
999227,4.7948
999228,4.79442
999229,4.79403
999230,4.79425
999231,4.79385
999232,4.7986
999233,4.83429
999234,4.8332
999235,4.83328
999236,4.83288
999237,4.83213
999238,4.83195
999239,4.83236
999240,4.83144
999241,4.84021
999242,4.87121
999243,4.8713
999244,4.87121
999245,4.87076
999246,4.86977
999247,4.87014
999248,4.86951
999249,4.86966
999250,4.88184
999251,4.90886
999252,4.90887
999253,4.90802
999254,4.90795
999255,4.90852
999256,4.90734
999257,4.90771
999258,4.90737
999259,2.95461
999260,4.10603
999261,4.10492
999262,4.10462
999263,4.10411
999264,4.10389
999265,4.10349
999266,4.10343
999267,4.10399
999268,4.13752
999269,4.14322
999270,4.1433
999271,4.14321
999272,4.14322
999273,4.14263
999274,4.14301
999275,4.14252
999276,4.14261
999277,4.18377
999278,4.18345
999279,4.18343
999280,4.18379
999281,4.18349
999282,4.1833
999283,4.18287
999284,4.18327
999285,4.18817
999286,4.22448
999287,4.224
999288,4.22306
999289,4.22315
999290,4.22303
999291,4.22314
999292,4.22271
999293,4.2221
999294,4.23421
999295,4.26327
999296,4.26367
999297,4.26345
999298,4.26281
999299,4.2625
999300,4.26213
999301,4.26215
999302,4.26232
999303,4.27822
999304,4.30321
999305,4.30292
999306,4.30301
999307,4.30289
999308,4.30258
999309,4.30277
999310,4.30266
999311,4.30228
999312,4.32612
999313,4.34309
999314,4.34327
999315,4.34256
999316,4.34257
999317,4.3422
999318,4.34209
999319,4.3418
999320,4.34247
999321,4.364
999322,4.38349
999323,4.38306
999324,4.38248
999325,4.38224
999326,4.38168
999327,4.38183
999328,4.3816
999329,4.38128
999330,4.41235
999331,4.42153
999332,4.42156
999333,4.42167
999334,4.42172
999335,4.42138
999336,4.42142
999337,4.42166
999338,4.42173
999339,4.45567
999340,4.46095
999341,4.46159
999342,4.46121
999343,4.46104
999344,4.46058
999345,4.46097
999346,4.46046
999347,4.46055
999348,4.50088
999349,4.50091
999350,4.50034
999351,4.49975
999352,4.4999
999353,4.49959
999354,4.49955
999355,4.4995
999356,4.50682
999357,4.53915
999358,4.53906
999359,4.53995
999360,4.53916
999361,4.53911
999362,4.53921
999363,4.5395
999364,4.53869
999365,4.5532
999366,4.57842
999367,4.57822
999368,4.57808
999369,4.57783
999370,4.57818
999371,4.57737
999372,4.57781
999373,4.57735
999374,4.59918
999375,4.6179
999376,4.61754
999377,4.61743
999378,4.61637
999379,4.61682
999380,4.6161
999381,4.61566
999382,4.61591
999383,4.64297
999384,4.65547
999385,4.65625
999386,4.65563
999387,4.65571
999388,4.65575
999389,4.6555
999390,4.65506
999391,4.65447
999392,4.68643
999393,4.69508
999394,4.69458
999395,4.69429
999396,4.69406
999397,4.69367
999398,4.6944
999399,4.69394
999400,4.69364
999401,4.73382
999402,4.73336
999403,4.73336
999404,4.73294
999405,4.73223
999406,4.73298
999407,4.73185
999408,4.73213
999409,4.73334
999410,4.77155
999411,4.77139
999412,4.77091
999413,4.77072
999414,4.77038
999415,4.7696
999416,4.77
999417,4.76948
999418,4.77607
999419,4.80921
999420,4.80954
999421,4.80945
999422,4.80845
999423,4.80882
999424,4.80893
999425,4.8079
999426,4.80799
999427,4.81835
999428,4.84809
999429,4.84806
999430,4.84759
999431,4.8472
999432,4.84726
999433,4.84732
999434,4.8471
999435,4.84642
999436,4.87296
999437,4.88587
999438,4.88559
999439,4.88473
999440,4.88489
999441,4.88385
999442,4.88396
999443,4.8836
999444,4.88317
999445,2.95597
999446,4.0936
999447,4.09266
999448,4.09198
999449,4.09152
999450,4.09195
999451,4.09193
999452,4.09209
999453,4.09207
999454,4.11904
999455,4.13112
999456,4.13151
999457,4.13152
999458,4.13172
999459,4.13161
999460,4.13115
999461,4.13182
999462,4.13132
999463,4.16443
999464,4.17081
999465,4.17122
999466,4.17179
999467,4.17169
999468,4.17162
999469,4.17121
999470,4.17088
999471,4.17044
999472,4.21099
999473,4.21138
999474,4.21107
999475,4.21125
999476,4.21153
999477,4.21138
999478,4.21147
999479,4.21179
999480,4.21163
999481,4.25161
999482,4.25108
999483,4.25055
999484,4.25081
999485,4.25121
999486,4.25061
999487,4.25128
999488,4.25116
999489,4.25625
999490,4.29136
999491,4.29098
999492,4.29089
999493,4.29041
999494,4.29107
999495,4.29033
999496,4.29014
999497,4.29092
999498,4.31026
999499,4.33061
999500,4.33045
999501,4.33067
999502,4.33065
999503,4.33067
999504,4.33062
999505,4.33066
999506,4.33077
999507,4.36013
999508,4.37066
999509,4.37113
999510,4.37103
999511,4.37029
999512,4.37036
999513,4.37042
999514,4.36997
999515,4.37031
999516,4.40614
999517,4.41037
999518,4.41031
999519,4.41058
999520,4.41041
999521,4.41067
999522,4.41003
999523,4.40994
999524,4.40965
999525,4.44074
999526,4.44982
999527,4.44889
999528,4.44935
999529,4.44921
999530,4.44921
999531,4.44961
999532,4.44997
999533,4.44906
999534,4.49059
999535,4.48948
999536,4.48905
999537,4.48871
999538,4.48895
999539,4.48895
999540,4.4888
999541,4.48845
999542,4.48838
999543,4.52885
999544,4.52936
999545,4.52918
999546,4.52848
999547,4.52848
999548,4.52791
999549,4.52784
999550,4.52749
999551,4.53292
999552,4.5675
999553,4.56788
999554,4.56777
999555,4.56714
999556,4.56722
999557,4.56723
999558,4.567
999559,4.56752
999560,4.57778
999561,4.60742
999562,4.60722
999563,4.60661
999564,4.60726
999565,4.606
999566,4.60601
999567,4.60591
999568,4.60598
999569,4.62373
999570,4.64634
999571,4.64617
999572,4.64589
999573,4.6452
999574,4.6451
999575,4.64428
999576,4.6448
999577,4.64419
999578,4.67861
999579,4.6838
999580,4.68347
999581,4.68342
999582,4.68278
999583,4.6828
999584,4.68308
999585,4.68243
999586,4.68222
999587,4.72005
999588,4.72199
999589,4.72179
999590,4.72211
999591,4.72207
999592,4.72165
999593,4.72155
999594,4.72103
999595,4.72039
999596,4.7613
999597,4.76041
999598,4.76078
999599,4.76078
999600,4.76079
999601,4.76009
999602,4.76004
999603,4.75985
999604,4.75952
999605,4.7992
999606,4.79926
999607,4.79969
999608,4.79953
999609,4.79917
999610,4.79888
999611,4.79917
999612,4.7978
999613,4.81042
999614,4.8382
999615,4.83775
999616,4.83764
999617,4.83712
999618,4.83698
999619,4.8366
999620,4.83645
999621,4.83653
999622,4.85588
999623,4.87624
999624,4.87616
999625,4.87561
999626,4.87536
999627,4.87509
999628,4.87464
999629,4.87374
999630,4.87324
999631,2.91738
999632,4.0719
999633,4.07093
999634,4.06938
999635,4.06901
999636,4.06871
999637,4.0685
999638,4.06816
999639,4.06803
999640,4.10395
999641,4.10849
999642,4.10765
999643,4.10782
999644,4.10816
999645,4.10832
999646,4.10761
999647,4.10756
999648,4.10713
999649,4.14813
999650,4.14728
999651,4.14725
999652,4.14693
999653,4.14699
999654,4.14709
999655,4.14669
999656,4.14632
999657,4.14681
999658,4.17943
999659,4.18701
999660,4.18673
999661,4.18668
999662,4.18661
999663,4.18662
999664,4.18625
999665,4.18637
999666,4.18637
999667,4.22637
999668,4.22632
999669,4.22626
999670,4.22676
999671,4.22562
999672,4.22588
999673,4.22608
999674,4.22569
999675,4.23186
999676,4.2654
999677,4.26578
999678,4.26583
999679,4.26555
999680,4.2656
999681,4.2654
999682,4.2652
999683,4.26549
999684,4.27774
999685,4.30508
999686,4.30525
999687,4.30548
999688,4.30485
999689,4.30432
999690,4.30458
999691,4.30479
999692,4.30442
999693,4.32347
999694,4.34469
999695,4.34397
999696,4.34372
999697,4.34383
999698,4.3435
999699,4.34304
999700,4.34321
999701,4.34288
999702,4.36732
999703,4.38192
999704,4.38248
999705,4.38255
999706,4.38226
999707,4.38207
999708,4.38227
999709,4.38287
999710,4.3823
999711,4.41282
999712,4.42296
999713,4.42207
999714,4.42257
999715,4.42296
999716,4.42208
999717,4.4214
999718,4.42172
999719,4.42131
999720,4.46185
999721,4.46121
999722,4.46193
999723,4.46113
999724,4.46148
999725,4.46126
999726,4.46077
999727,4.46119
999728,4.46632
999729,4.50114
999730,4.50075
999731,4.50077
999732,4.50085
999733,4.50038
999734,4.49954
999735,4.499
999736,4.4996
999737,4.51002
999738,4.53884
999739,4.53933
999740,4.53902
999741,4.53934
999742,4.53948
999743,4.53929
999744,4.539
999745,4.53873
999746,4.55436
999747,4.57899
999748,4.57815
999749,4.57823
999750,4.57809
999751,4.57785
999752,4.57689
999753,4.57664
999754,4.57723
999755,4.6062
999756,4.6159
999757,4.61567
999758,4.61513
999759,4.6156
999760,4.6154
999761,4.61495
999762,4.61478
999763,4.61478
999764,4.65201
999765,4.65454
999766,4.65337
999767,4.65457
999768,4.65363
999769,4.6539
999770,4.65371
999771,4.65333
999772,4.6528
999773,4.69247
999774,4.69243
999775,4.69198
999776,4.69183
999777,4.69165
999778,4.69102
999779,4.69164
999780,4.69118
999781,4.69372
999782,4.73062
999783,4.72997
999784,4.72949
999785,4.72976
999786,4.72956
999787,4.72878
999788,4.72858
999789,4.72828
999790,4.73648
999791,4.76783
999792,4.76796
999793,4.76743
999794,4.76757
999795,4.76724
999796,4.76758
999797,4.76644
999798,4.76661
999799,4.79204
999800,4.80642
999801,4.80577
999802,4.80542
999803,4.80533
999804,4.80494
999805,4.80429
999806,4.80453
999807,4.80408
999808,4.83214
999809,4.84315
999810,4.84237
999811,4.8423
999812,4.84166
999813,4.84104
999814,4.84134
999815,4.84154
999816,4.84119
999817,2.92117
999818,4.0421
999819,4.04064
999820,4.04023
999821,4.03965
999822,4.03959
999823,4.03957
999824,4.03862
999825,4.03925
999826,4.07907
999827,4.07882
999828,4.07776
999829,4.07788
999830,4.07752
999831,4.07742
999832,4.07732
999833,4.07779
999834,4.08335
999835,4.11724
999836,4.11699
999837,4.11734
999838,4.11724
999839,4.11698
999840,4.11712
999841,4.11704
999842,4.11688
999843,4.1287
999844,4.15677
999845,4.1567
999846,4.15677
999847,4.15669
999848,4.15625
999849,4.15624
999850,4.15622
999851,4.15587
999852,4.19124
999853,4.19523
999854,4.19521
999855,4.195
999856,4.19498
999857,4.19568
999858,4.19478
999859,4.19483
999860,4.19454
999861,4.23484
999862,4.23476
999863,4.23459
999864,4.2348
999865,4.23476
999866,4.23508
999867,4.23491
999868,4.23458
999869,4.23433
999870,4.27285
999871,4.27437
999872,4.27406
999873,4.27428
999874,4.27396
999875,4.274
999876,4.2747
999877,4.27406
999878,4.27387
999879,4.31338
999880,4.3139
999881,4.31324
999882,4.31363
999883,4.31369
999884,4.31338
999885,4.3133
999886,4.31271
999887,4.316
999888,4.35251
999889,4.35187
999890,4.35232
999891,4.35184
999892,4.35157
999893,4.35132
999894,4.3513
999895,4.35116
999896,4.37573
999897,4.39037
999898,4.39035
999899,4.38995
999900,4.3899
999901,4.3897
999902,4.38976
999903,4.38934
999904,4.38887
999905,4.42413
999906,4.42875
999907,4.42875
999908,4.42801
999909,4.4282
999910,4.4275
999911,4.42772
999912,4.42766
999913,4.42742
999914,4.46707
999915,4.46685
999916,4.46733
999917,4.46715
999918,4.46705
999919,4.46669
999920,4.46616
999921,4.46594
999922,4.46621
999923,4.50585
999924,4.50611
999925,4.5052
999926,4.5049
999927,4.50512
999928,4.50446
999929,4.5048
999930,4.50429
999931,4.50898
999932,4.54363
999933,4.5434
999934,4.543
999935,4.5427
999936,4.54271
999937,4.54253
999938,4.54298
999939,4.54218
999940,4.56284
999941,4.58186
999942,4.5818
999943,4.58105
999944,4.58136
999945,4.58115
999946,4.58073
999947,4.58003
999948,4.5802
999949,4.60654
999950,4.61935
999951,4.61969
999952,4.61924
999953,4.61941
999954,4.61865
999955,4.61914
999956,4.61847
999957,4.6184
999958,4.65121
999959,4.65763
999960,4.65778
999961,4.65765
999962,4.65798
999963,4.65717
999964,4.65714
999965,4.65676
999966,4.65672
999967,4.69582
999968,4.69508
999969,4.69511
999970,4.69467
999971,4.69483
999972,4.69409
999973,4.72363
999974,4.73356
999975,4.73338
999976,4.73297
999977,4.73255
999978,4.73263
999979,4.7326
999980,4.7318
999981,4.73128
999982,4.77115
999983,4.77054
999984,4.77012
999985,4.77008
999986,4.77008
999987,4.7697
999988,4.76899
999989,4.76876
999990,4.76895
999991,4.80833
999992,4.80819
999993,4.80804
999994,4.8075
999995,4.8069
999996,4.8069
999997,4.80649
999998,4.80589
999999,4.0